channel,cost,leads,cpl,performance,ranking_custo
Google Ads,10138,1427,7.104414856341976,Alta,1
Email,9816,1292,7.597523219814241,Alta,2
Instagram Ads,10345,1352,7.6516272189349115,Alta,3
Facebook Ads,9685,1166,8.306174957118353,Alta,4
